objectid,filename,description,title,youtubeid,format,creator,date,date-is-approximate?,item-information,subject,location,latitude,longitude,rights,type,language
davinLoh001,loh01.JPG,These photos show Zack Klima and Sunny Yang having an interview with Davin Loh. ,Group 6 Pics,,image/JPG,"Kilma, Zachary Ma, Yunlong Odutayo, Olufunlola Yang, Sunny",11/5/2014,Yes,"single page, photograph",Interview,"Brookfield, IL",,,"Attribution-NonCommercial-NoDerivs 3.0 United States
http://creativecommons.org/licenses/by-nc-nd/3.0/us/
In Copyright
http://rightsstatements.org/page/InC/1.0/",Image;Stillmage,English
davinLoh002,loh03.JPG,These photos show Zack Klima and Sunny Yang having an interview with Davin Loh. ,Group 6 Pics,,image/JPG,"Kilma, Zachary Ma, Yunlong Odutayo, Olufunlola Yang, Sunny",11/5/2014,Yes,"single page, photograph",Interview,"Brookfield, IL",,,"Attribution-NonCommercial-NoDerivs 3.0 United States
http://creativecommons.org/licenses/by-nc-nd/3.0/us/
In Copyright
http://rightsstatements.org/page/InC/1.0/",Image;Stillmage,English
davinLoh003,loh04.JPG,These photos show Zack Klima and Sunny Yang having an interview with Davin Loh. ,Group 6 Pics,,image/JPG,"Kilma, Zachary Ma, Yunlong Odutayo, Olufunlola Yang, Sunny",11/5/2014,Yes,"single page, photograph",Interview,"Brookfield, IL",,,"Attribution-NonCommercial-NoDerivs 3.0 United States
http://creativecommons.org/licenses/by-nc-nd/3.0/us/
In Copyright
http://rightsstatements.org/page/InC/1.0/",Image;Stillmage,English
davinLoh004,loh05.JPG,These photos show Zack Klima and Sunny Yang having an interview with Davin Loh. ,Group 6 Pics,,image/JPG,"Kilma, Zachary Ma, Yunlong Odutayo, Olufunlola Yang, Sunny",11/5/2014,Yes,"single page, photograph",Interview,"Brookfield, IL",,,"Attribution-NonCommercial-NoDerivs 3.0 United States
http://creativecommons.org/licenses/by-nc-nd/3.0/us/
In Copyright
http://rightsstatements.org/page/InC/1.0/",Image;Stillmage,English
davinLoh005,loh06.JPG,These photos show Zack Klima and Sunny Yang having an interview with Davin Loh. ,Group 6 Pics,,image/JPG,"Kilma, Zachary Ma, Yunlong Odutayo, Olufunlola Yang, Sunny",11/5/2014,Yes,"single page, photograph",Interview,"Brookfield, IL",,,"Attribution-NonCommercial-NoDerivs 3.0 United States
http://creativecommons.org/licenses/by-nc-nd/3.0/us/
In Copyright
http://rightsstatements.org/page/InC/1.0/",Image;Stillmage,English
davinLoh006,loh08.JPG,These photos show Zack Klima and Sunny Yang having an interview with Davin Loh. ,Group 6 Pics,,image/JPG,"Kilma, Zachary Ma, Yunlong Odutayo, Olufunlola Yang, Sunny",11/5/2014,Yes,"single page, photograph",Interview,"Brookfield, IL",,,"Attribution-NonCommercial-NoDerivs 3.0 United States
http://creativecommons.org/licenses/by-nc-nd/3.0/us/
In Copyright
http://rightsstatements.org/page/InC/1.0/",Image;Stillmage,English
davinLoh007,loh09.JPG,These photos show Zack Klima and Sunny Yang having an interview with Davin Loh. ,Group 6 Pics,,image/JPG,"Kilma, Zachary Ma, Yunlong Odutayo, Olufunlola Yang, Sunny",11/5/2014,Yes,"single page, photograph",Interview,"Brookfield, IL",,,"Attribution-NonCommercial-NoDerivs 3.0 United States
http://creativecommons.org/licenses/by-nc-nd/3.0/us/
In Copyright
http://rightsstatements.org/page/InC/1.0/",Image;Stillmage,English
davinLoh008,loh10.JPG,These photos show Zack Klima and Sunny Yang having an interview with Davin Loh. ,Group 6 Pics,,image/JPG,"Kilma, Zachary Ma, Yunlong Odutayo, Olufunlola Yang, Sunny",11/5/2014,Yes,"single page, photograph",Interview,"Brookfield, IL",,,"Attribution-NonCommercial-NoDerivs 3.0 United States
http://creativecommons.org/licenses/by-nc-nd/3.0/us/
In Copyright
http://rightsstatements.org/page/InC/1.0/",Image;Stillmage,English
davinLoh009,loh11.JPG,These photos show Zack Klima and Sunny Yang having an interview with Davin Loh. ,Group 6 Pics,,image/JPG,"Kilma, Zachary Ma, Yunlong Odutayo, Olufunlola Yang, Sunny",11/5/2014,Yes,"single page, photograph",Interview,"Brookfield, IL",,,"Attribution-NonCommercial-NoDerivs 3.0 United States
http://creativecommons.org/licenses/by-nc-nd/3.0/us/
In Copyright
http://rightsstatements.org/page/InC/1.0/",Image;Stillmage,English
davinLoh010,loh12.JPG,These photos show Zack Klima and Sunny Yang having an interview with Davin Loh. ,Group 6 Pics,,image/JPG,"Kilma, Zachary Ma, Yunlong Odutayo, Olufunlola Yang, Sunny",11/5/2014,Yes,"single page, photograph",Interview,"Brookfield, IL",,,"Attribution-NonCommercial-NoDerivs 3.0 United States
http://creativecommons.org/licenses/by-nc-nd/3.0/us/
In Copyright
http://rightsstatements.org/page/InC/1.0/",Image;Stillmage,English
davinLoh011,loh14.JPG,These photos show Zack Klima and Sunny Yang having an interview with Davin Loh. ,Group 6 Pics,,image/JPG,"Kilma, Zachary Ma, Yunlong Odutayo, Olufunlola Yang, Sunny",11/5/2014,Yes,"single page, photograph",Interview,"Brookfield, IL",,,"Attribution-NonCommercial-NoDerivs 3.0 United States
http://creativecommons.org/licenses/by-nc-nd/3.0/us/
In Copyright
http://rightsstatements.org/page/InC/1.0/",Image;Stillmage,English
davinLoh012,loh15.JPG,These photos show Zack Klima and Sunny Yang having an interview with Davin Loh. ,Group 6 Pics,,image/JPG,"Kilma, Zachary Ma, Yunlong Odutayo, Olufunlola Yang, Sunny",11/5/2014,Yes,"single page, photograph",Interview,"Brookfield, IL",,,"Attribution-NonCommercial-NoDerivs 3.0 United States
http://creativecommons.org/licenses/by-nc-nd/3.0/us/
In Copyright
http://rightsstatements.org/page/InC/1.0/",Image;Stillmage,English
davinLoh013,,A Youtube video with Doc Mack interviewing Davin Loh and his experiences at the Galloping Ghost Arcade.,GGA-Gamer Profile: Davin Loh,3SokHbjqfIQ,video/mpeg,"Kilma, Zachary Ma, Yunlong Odutayo, Olufunlola Yang, Sunny",11/18/2013,Yes,youtube video,Davin Loh,"Brookfield, IL",,,"Attribution-NonCommercial-NoDerivs 3.0 United States
http://creativecommons.org/licenses/by-nc-nd/3.0/us/
In Copyright
http://rightsstatements.org/page/InC/1.0/",Video,English
davinLoh014,Davin_Loh_Interv.mp3,"Davin Loh gets asked a lot about pinballs within the interview, but he is more into arcade systems. Davin is a well known player at the Galloping Ghost arcade, hitting high scores and beating world records. Davin Loh is known within the community to be the best at a handful of games at the arcade, but the biggest one is ""Capcom vs SNK 2"". A fighting arcade game that puts two players against each other and fights with a 48 character roster, but it's not the multiplayer part he is known for. Davin focuses more on the single player mode, it pins the player to do countless battles against CPUs and then gets awarded points for a score and the more the player wins the higher the points, but the harder the fights become. He brings alot of attention to the arcade when he is attempting to break a record or high score, he has been such a positive player to have at the Galloping Ghost arcade.",Interview with Davin Loh,,audio/MP3,"Kilma, Zachary Ma, Yunlong Odutayo, Olufunlola Yang, Sunny",11/4/2014,Yes,Interview,Davin Loh,"Brookfield, IL",,,"Attribution-NonCommercial-NoDerivs 3.0 United States
http://creativecommons.org/licenses/by-nc-nd/3.0/us/
In Copyright
http://rightsstatements.org/page/InC/1.0/",Audio; Interview,English
gallopingGhost001,Portrait_1.jpg,"Photo of Doc Mack, the owner of the Galloping Ghost arcade.",Doc Mack,,image/JPG,"Bahena, Analy, Maciano li, Peter Sense, Braden Huff, Le Jalen Oluduro, Olumide",11/15/2014,Yes,"single page, photograph",Doc Mack,"Brookfield, IL",,,"Attribution-NonCommercial-NoDerivs 3.0 United States
http://creativecommons.org/licenses/by-nc-nd/3.0/us/
In Copyright
http://rightsstatements.org/page/InC/1.0/",Image;Stillmage,English
gallopingGhost002,Portrait_3.jpg,Photo of Doc Mack on the floor next to some arcade machines.,Doc Mack,,image/JPG,"Bahena, Analy, Maciano li, Peter Sense, Braden Huff, Le Jalen Oluduro, Olumide",11/15/2014,Yes,"single page, photograph",Doc Mack,"Brookfield, IL",,,"Attribution-NonCommercial-NoDerivs 3.0 United States
http://creativecommons.org/licenses/by-nc-nd/3.0/us/
In Copyright
http://rightsstatements.org/page/InC/1.0/",Image;Stillmage,English
gallopingGhost003,Arcades 1.JPG,Arcade machines collected around the world. All working and ready to be played.,Arcade Machines,,image/JPG,"Bahena, Analy, Maciano li, Peter Sense, Braden Huff, Le Jalen Oluduro, Olumide",11/15/2014,Yes,"single page, photograph",Machines,"Brookfield, IL",,,"Attribution-NonCommercial-NoDerivs 3.0 United States
http://creativecommons.org/licenses/by-nc-nd/3.0/us/
In Copyright
http://rightsstatements.org/page/InC/1.0/",Image;Stillmage,English
gallopingGhost004,Arcades 2.jpg,Arcade machines collected around the world. All working and ready to be played.,Arcade Machines,,image/JPG,"Bahena, Analy, Maciano li, Peter Sense, Braden Huff, Le Jalen Oluduro, Olumide",11/15/2014,Yes,"single page, photograph",Machines,"Brookfield, IL",,,"Attribution-NonCommercial-NoDerivs 3.0 United States
http://creativecommons.org/licenses/by-nc-nd/3.0/us/
In Copyright
http://rightsstatements.org/page/InC/1.0/",Image;Stillmage,English
gallopingGhost05,Arcades 3.jpg,Arcade machines collected around the world. All working and ready to be played.,Arcade Machines,,image/JPG,"Bahena, Analy, Maciano li, Peter Sense, Braden Huff, Le Jalen Oluduro, Olumide",11/15/2014,Yes,"single page, photograph",Machines,"Brookfield, IL",,,"Attribution-NonCommercial-NoDerivs 3.0 United States
http://creativecommons.org/licenses/by-nc-nd/3.0/us/
In Copyright
http://rightsstatements.org/page/InC/1.0/",Image;Stillmage,English
gallopingGhost06,Arcades 4.jpg,Arcade machines collected around the world. All working and ready to be played.,Arcade Machines,,image/JPG,"Bahena, Analy, Maciano li, Peter Sense, Braden Huff, Le Jalen Oluduro, Olumide",11/15/2014,Yes,"single page, photograph",Machines,"Brookfield, IL",,,"Attribution-NonCommercial-NoDerivs 3.0 United States
http://creativecommons.org/licenses/by-nc-nd/3.0/us/
In Copyright
http://rightsstatements.org/page/InC/1.0/",Image;Stillmage,English
gallopingGhost07,Arcades 5.jpg,Arcade machines collected around the world. All working and ready to be played.,Arcade Machines,,image/JPG,"Bahena, Analy, Maciano li, Peter Sense, Braden Huff, Le Jalen Oluduro, Olumide",11/15/2014,Yes,"single page, photograph",Machines,"Brookfield, IL",,,"Attribution-NonCommercial-NoDerivs 3.0 United States
http://creativecommons.org/licenses/by-nc-nd/3.0/us/
In Copyright
http://rightsstatements.org/page/InC/1.0/",Image;Stillmage,English
gallopingGhost08,Arcades 6.jpg,Arcade machines collected around the world. All working and ready to be played.,Arcade Machines,,image/JPG,"Bahena, Analy, Maciano li, Peter Sense, Braden Huff, Le Jalen Oluduro, Olumide",11/15/2014,Yes,"single page, photograph",Machines,"Brookfield, IL",,,"Attribution-NonCommercial-NoDerivs 3.0 United States
http://creativecommons.org/licenses/by-nc-nd/3.0/us/
In Copyright
http://rightsstatements.org/page/InC/1.0/",Image;Stillmage,English
gallopingGhost09,Arcades 7.jpg,Arcade machines collected around the world. All working and ready to be played.,Arcade Machines,,image/JPG,"Bahena, Analy, Maciano li, Peter Sense, Braden Huff, Le Jalen Oluduro, Olumide",11/15/2014,Yes,"single page, photograph",Machines,"Brookfield, IL",,,"Attribution-NonCommercial-NoDerivs 3.0 United States
http://creativecommons.org/licenses/by-nc-nd/3.0/us/
In Copyright
http://rightsstatements.org/page/InC/1.0/",Image;Stillmage,English
gallopingGhost10,Arcades 8.jpg,Arcade machines collected around the world. All working and ready to be played.,Arcade Machines,,image/JPG,"Bahena, Analy, Maciano li, Peter Sense, Braden Huff, Le Jalen Oluduro, Olumide",11/15/2014,Yes,"single page, photograph",Machines,"Brookfield, IL",,,"Attribution-NonCommercial-NoDerivs 3.0 United States
http://creativecommons.org/licenses/by-nc-nd/3.0/us/
In Copyright
http://rightsstatements.org/page/InC/1.0/",Image;Stillmage,English
gallopingGhost11,Arcades_9.JPG,Arcade machines collected around the world. All working and ready to be played.,Arcade Machines,,image/JPG,"Bahena, Analy, Maciano li, Peter Sense, Braden Huff, Le Jalen Oluduro, Olumide",11/15/2014,Yes,"single page, photograph",Machines,"Brookfield, IL",,,"Attribution-NonCommercial-NoDerivs 3.0 United States
http://creativecommons.org/licenses/by-nc-nd/3.0/us/
In Copyright
http://rightsstatements.org/page/InC/1.0/",Image;Stillmage,English
gallopingGhost12,Arcades 10.jpg,Arcade machines collected around the world. All working and ready to be played.,Arcade Machines,,image/JPG,"Bahena, Analy, Maciano li, Peter Sense, Braden Huff, Le Jalen Oluduro, Olumide",11/15/2014,Yes,"single page, photograph",Machines,"Brookfield, IL",,,"Attribution-NonCommercial-NoDerivs 3.0 United States
http://creativecommons.org/licenses/by-nc-nd/3.0/us/
In Copyright
http://rightsstatements.org/page/InC/1.0/",Image;Stillmage,English
gallopingGhost13,Arcades 11.jpg,Arcade machines collected around the world. All working and ready to be played.,Arcade Machines,,image/JPG,"Bahena, Analy, Maciano li, Peter Sense, Braden Huff, Le Jalen Oluduro, Olumide",11/15/2014,Yes,"single page, photograph",Machines,"Brookfield, IL",,,"Attribution-NonCommercial-NoDerivs 3.0 United States
http://creativecommons.org/licenses/by-nc-nd/3.0/us/
In Copyright
http://rightsstatements.org/page/InC/1.0/",Image;Stillmage,English
gallopingGhost14,Arcades_12.JPG,Arcade machines collected around the world. All working and ready to be played.,Arcade Machines,,image/JPG,"Bahena, Analy, Maciano li, Peter Sense, Braden Huff, Le Jalen Oluduro, Olumide",11/15/2014,Yes,"single page, photograph",Machines,"Brookfield, IL",,,"Attribution-NonCommercial-NoDerivs 3.0 United States
http://creativecommons.org/licenses/by-nc-nd/3.0/us/
In Copyright
http://rightsstatements.org/page/InC/1.0/",Image;Stillmage,English
gallopingGhost15,arcades13.jpg,Arcade machines collected around the world. All working and ready to be played.,Arcade Machines,,image/JPG,"Bahena, Analy, Maciano li, Peter Sense, Braden Huff, Le Jalen Oluduro, Olumide",11/15/2014,Yes,"single page, photograph",Machines,"Brookfield, IL",,,"Attribution-NonCommercial-NoDerivs 3.0 United States
http://creativecommons.org/licenses/by-nc-nd/3.0/us/
In Copyright
http://rightsstatements.org/page/InC/1.0/",Image;Stillmage,English
gallopingGhost16,Arcades_14.jpg,Arcade machines collected around the world. All working and ready to be played.,Arcade Machines,,image/JPG,"Bahena, Analy, Maciano li, Peter Sense, Braden Huff, Le Jalen Oluduro, Olumide",11/15/2014,Yes,"single page, photograph",Machines,"Brookfield, IL",,,"Attribution-NonCommercial-NoDerivs 3.0 United States
http://creativecommons.org/licenses/by-nc-nd/3.0/us/
In Copyright
http://rightsstatements.org/page/InC/1.0/",Image;Stillmage,English
gallopingGhost17,Arcades 15.jpg,Arcade machines collected around the world. All working and ready to be played.,Arcade Machines,,image/JPG,"Bahena, Analy, Maciano li, Peter Sense, Braden Huff, Le Jalen Oluduro, Olumide",11/15/2014,Yes,"single page, photograph",Machines,"Brookfield, IL",,,"Attribution-NonCommercial-NoDerivs 3.0 United States
http://creativecommons.org/licenses/by-nc-nd/3.0/us/
In Copyright
http://rightsstatements.org/page/InC/1.0/",Image;Stillmage,English
gallopingGhost18,exteriorimages1.jpg,The outside building and sign of the Galloping Ghost arcade.,Exterior of building,,image/JPG,"Bahena, Analy, Maciano li, Peter Sense, Braden Huff, Le Jalen Oluduro, Olumide",11/15/2014,Yes,"single page, photograph",Building,"Brookfield, IL",41.81713,-87.85578,"Attribution-NonCommercial-NoDerivs 3.0 United States
http://creativecommons.org/licenses/by-nc-nd/3.0/us/
In Copyright
http://rightsstatements.org/page/InC/1.0/",Image;Stillmage,English
gallopingGhost19,maincounter5.jpg,"The front counter of the arcade, that sells snacks and drinks.",Front Counter,,image/JPG,"Bahena, Analy, Maciano li, Peter Sense, Braden Huff, Le Jalen Oluduro, Olumide",11/15/2014,Yes,"single page, photograph",Building,"Brookfield, IL",,,"Attribution-NonCommercial-NoDerivs 3.0 United States
http://creativecommons.org/licenses/by-nc-nd/3.0/us/
In Copyright
http://rightsstatements.org/page/InC/1.0/",Image;Stillmage,English
gallopingGhost20,pinballs1.jpg,A collection of pinball machines that are hooked up and ready to play.,Galloping Ghost pinball machines,,image/JPG,"Bahena, Analy, Maciano li, Peter Sense, Braden Huff, Le Jalen Oluduro, Olumide",11/15/2014,Yes,"single page, photograph",Pinball Machines,"Brookfield, IL",,,"Attribution-NonCommercial-NoDerivs 3.0 United States
http://creativecommons.org/licenses/by-nc-nd/3.0/us/
In Copyright
http://rightsstatements.org/page/InC/1.0/",Image;Stillmage,English
gallopingGhost21,pinballs2.jpg,A collection of pinball machines that are hooked up and ready to play.,Galloping Ghost pinball machines,,image/JPG,"Bahena, Analy, Maciano li, Peter Sense, Braden Huff, Le Jalen Oluduro, Olumide",11/15/2014,Yes,"single page, photograph",Pinball Machines,"Brookfield, IL",,,"Attribution-NonCommercial-NoDerivs 3.0 United States
http://creativecommons.org/licenses/by-nc-nd/3.0/us/
In Copyright
http://rightsstatements.org/page/InC/1.0/",Image;Stillmage,English
gallopingGhost22,Galloping_Ghost_Interv.mp3,"Doc Mack gets interviewed about his arcade which still holds the title for the worlds largest arcade collection. He has about 885+ arcade games within his collection and contunios to grow with his  time spend searching for titles he wants and the ones the community would like to play. His arcade is free to play, coinless businnes because he doesnt want his customers to limit themselvs on the games they want to play. Rather paying a fee up front for the day and letting gamers have a chnace to expiernce new games with no penalty of running out of coins.",Interview with Dock Mack,,audio/MP3,"Bahena, Analy, Maciano li, Peter Sense, Braden Huff, Le Jalen Oluduro, Olumide",12/8/2014,Yes,Interview,Dock Mack,"Brookfield, IL",,,"Attribution-NonCommercial-NoDerivs 3.0 United States
http://creativecommons.org/licenses/by-nc-nd/3.0/us/
In Copyright
http://rightsstatements.org/page/InC/1.0/",Audio; Interview,English
georgeSpanos01,spanos01.jpg,"George Spanos is one of the great arcade repairmen in Chicago. He has repaired many arcade machines for many top arcades within Chicago such as Underground Retrocade, Pixel Blast Arcade and Galloping Ghost Arcade. He has written many articles on board games, monitors, supplies, etc. but his main focus is repairing these machines since each arcade system holds history in the coin-op era of gaming and holds a place in his childhood.",George Spanos ,,image/JPG,"Farrell, Taylor Glavan, Thomas Grzenia, Stephen Wira, Phil Zhang, Shuyu",12/9/2014,Yes,"single page, photograph",George Spanos,"Chicago, IL",,,"Attribution-NonCommercial-NoDerivs 3.0 United States
http://creativecommons.org/licenses/by-nc-nd/3.0/us/
In Copyright
http://rightsstatements.org/page/InC/1.0/",image;Stillmage,English
georgeSpanos02,spanos02.jpg,Some arcade machines that George has fixed.,George Spanos's arcade machines,,image/JPG,"Farrell, Taylor Glavan, Thomas Grzenia, Stephen Wira, Phil Zhang, Shuyu",12/9/2014,Yes,"single page, photograph",Machines,"Chicago, IL",,,"Attribution-NonCommercial-NoDerivs 3.0 United States
http://creativecommons.org/licenses/by-nc-nd/3.0/us/
In Copyright
http://rightsstatements.org/page/InC/1.0/",image;Stillmage,English
georgeSpanos03,GeorgeSpanosInterv1.mp3,Interview with George Spanos and his knowledge of fixing arcade machines. Also touched on topics of his experiences and his thoughts on how effective it is to keep these machines alive and well. ,Interview with George Spanos,,audio/MP3,"Farrell, Taylor Glavan, Thomas Grzenia, Stephen Wira, Phil Zhang, Shuyu",12/9/2014,Yes,Interview,George Spanos,"Chicago, IL",,,"Attribution-NonCommercial-NoDerivs 3.0 United States
http://creativecommons.org/licenses/by-nc-nd/3.0/us/
In Copyright
http://rightsstatements.org/page/InC/1.0/",Audio; Interview,English
georgeSpanos04,GeorgeSpanosInterv2.mp3,Interview with George Spanos and his knowledge of fixing arcade machines. Also touched on topics of his experiences and his thoughts on how effective it is to keep these machines alive and well. ,Interview with George Spanos,,audio/MP3,"Farrell, Taylor Glavan, Thomas Grzenia, Stephen Wira, Phil Zhang, Shuyu",12/9/2014,Yes,Interview,George Spanos,"Chicago, IL",,,"Attribution-NonCommercial-NoDerivs 3.0 United States
http://creativecommons.org/licenses/by-nc-nd/3.0/us/
In Copyright
http://rightsstatements.org/page/InC/1.0/",Audio; Interview,English
loganArcade01,FrontBuilding.jpg,The front of the Logan arcade building.,Exterior of building,,image/JPG,"Barker, Thomas Mei, Wei Shao Elgin, Tobias Mayorga, Ariana Moy, Brian",11/21/2014,Yes,"single page, photograph",Building,"Chicago, IL",41.92531,-87.6881,"Attribution-NonCommercial-NoDerivs 3.0 United States
http://creativecommons.org/licenses/by-nc-nd/3.0/us/
In Copyright
http://rightsstatements.org/page/InC/1.0/",image;Stillmage,English
loganArcade02,Pinball_Machines_01.JPG,A whole section of a room dedicated to numerous pinball machines from different franchises.,Logan Arcade pinball machines,,image/JPG,"Barker, Thomas Mei, Wei Shao Elgin, Tobias Mayorga, Ariana Moy, Brian",11/21/2014,Yes,"single page, photograph",Pinball Machines,"Chicago, IL",,,"Attribution-NonCommercial-NoDerivs 3.0 United States
http://creativecommons.org/licenses/by-nc-nd/3.0/us/
In Copyright
http://rightsstatements.org/page/InC/1.0/",image;Stillmage,English
loganArcade03,Pinball_Machines_02.JPG,A whole section of a room dedicated to numerous pinball machines from different franchises.,Logan Arcade pinball machines,,image/JPG,"Barker, Thomas Mei, Wei Shao Elgin, Tobias Mayorga, Ariana Moy, Brian",11/21/2014,Yes,"single page, photograph",Pinball Machines,"Chicago, IL",,,"Attribution-NonCommercial-NoDerivs 3.0 United States
http://creativecommons.org/licenses/by-nc-nd/3.0/us/
In Copyright
http://rightsstatements.org/page/InC/1.0/",image;Stillmage,English
loganArcade04,Pinball_Machines_03.JPG,A whole section of a room dedicated to numerous pinball machines from different franchises.,Logan Arcade pinball machines,,image/JPG,"Barker, Thomas Mei, Wei Shao Elgin, Tobias Mayorga, Ariana Moy, Brian",11/21/2014,Yes,"single page, photograph",Pinball Machines,"Chicago, IL",,,"Attribution-NonCommercial-NoDerivs 3.0 United States
http://creativecommons.org/licenses/by-nc-nd/3.0/us/
In Copyright
http://rightsstatements.org/page/InC/1.0/",image;Stillmage,English
loganArcade05,Front_Desk.JPG,"The front desk view at Logan arcade, company with dim lighting.",Exterior of building,,image/JPG,"Barker, Thomas Mei, Wei Shao Elgin, Tobias Mayorga, Ariana Moy, Brian",11/21/2014,Yes,"single page, photograph",Building,"Chicago, IL",,,"Attribution-NonCommercial-NoDerivs 3.0 United States
http://creativecommons.org/licenses/by-nc-nd/3.0/us/
In Copyright
http://rightsstatements.org/page/InC/1.0/",image;Stillmage,English
loganarcade06,arcadesmachine01.jpg,Some of the many classic arcade machines that are ready to play at Logan arcade.,Arcade Machines,,image/JPG,"Barker, Thomas Mei, Wei Shao Elgin, Tobias Mayorga, Ariana Moy, Brian",11/21/2014,Yes,"single page, photograph",machines,"Chicago, IL",,,"Attribution-NonCommercial-NoDerivs 3.0 United States
http://creativecommons.org/licenses/by-nc-nd/3.0/us/
In Copyright
http://rightsstatements.org/page/InC/1.0/",image;Stillmage,English
loganArcade07,Pinball_Machines_04.JPG,A whole section of a room dedicated to numerous pinball machines from different franchises.,Logan Arcade pinball machines,,image/JPG,"Barker, Thomas Mei, Wei Shao Elgin, Tobias Mayorga, Ariana Moy, Brian",11/21/2014,Yes,"single page, photograph",Pinball Machines,"Chicago, IL",,,"Attribution-NonCommercial-NoDerivs 3.0 United States
http://creativecommons.org/licenses/by-nc-nd/3.0/us/
In Copyright
http://rightsstatements.org/page/InC/1.0/",image;Stillmage,English
loganArcade08,Pinball_Machines_05.JPG,A whole section of a room dedicated to numerous pinball machines from different franchises.,Logan Arcade pinball machines,,image/JPG,"Barker, Thomas Mei, Wei Shao Elgin, Tobias Mayorga, Ariana Moy, Brian",11/21/2014,Yes,"single page, photograph",Pinball Machines,"Chicago, IL",,,"Attribution-NonCommercial-NoDerivs 3.0 United States
http://creativecommons.org/licenses/by-nc-nd/3.0/us/
In Copyright
http://rightsstatements.org/page/InC/1.0/",image;Stillmage,English
loganArcade09,Pinball_Machines_06.JPG,A whole section of a room dedicated to numerous pinball machines from different franchises.,Logan Arcade pinball machines,,image/JPG,"Barker, Thomas Mei, Wei Shao Elgin, Tobias Mayorga, Ariana Moy, Brian",11/21/2014,Yes,"single page, photograph",Pinball Machines,"Chicago, IL",,,"Attribution-NonCommercial-NoDerivs 3.0 United States
http://creativecommons.org/licenses/by-nc-nd/3.0/us/
In Copyright
http://rightsstatements.org/page/InC/1.0/",image;Stillmage,English
loganArcade10,Pinball_Machines_07.JPG,A whole section of a room dedicated to numerous pinball machines from different franchises.,Logan Arcade pinball machines,,image/JPG,"Barker, Thomas Mei, Wei Shao Elgin, Tobias Mayorga, Ariana Moy, Brian",11/21/2014,Yes,"single page, photograph",Pinball Machines,"Chicago, IL",,,"Attribution-NonCommercial-NoDerivs 3.0 United States
http://creativecommons.org/licenses/by-nc-nd/3.0/us/
In Copyright
http://rightsstatements.org/page/InC/1.0/",image;Stillmage,English
LoganArcade11,Pinball_Machines_08.JPG,A whole section of a room dedicated to numerous pinball machines from different franchises.,Logan Arcade pinball machines,,image/JPG,"Barker, Thomas Mei, Wei Shao Elgin, Tobias Mayorga, Ariana Moy, Brian",11/21/2014,Yes,"single page, photograph",Pinball Machines,"Chicago, IL",,,"Attribution-NonCommercial-NoDerivs 3.0 United States
http://creativecommons.org/licenses/by-nc-nd/3.0/us/
In Copyright
http://rightsstatements.org/page/InC/1.0/",image;Stillmage,English
LoganArcade12,Pinball_Machines_09.JPG,A whole section of a room dedicated to numerous pinball machines from different franchises.,Logan Arcade pinball machines,,image/JPG,"Barker, Thomas Mei, Wei Shao Elgin, Tobias Mayorga, Ariana Moy, Brian",11/21/2014,Yes,"single page, photograph",Pinball Machines,"Chicago, IL",,,"Attribution-NonCommercial-NoDerivs 3.0 United States
http://creativecommons.org/licenses/by-nc-nd/3.0/us/
In Copyright
http://rightsstatements.org/page/InC/1.0/",image;Stillmage,English
loganarcade13,arcadesmachine02.jpg,Some of the many classic arcade machines that are ready to play at Logan arcade.,Arcade Machines,,image/JPG,"Barker, Thomas Mei, Wei Shao Elgin, Tobias Mayorga, Ariana Moy, Brian",11/21/2014,Yes,"single page, photograph",machines,"Chicago, IL",,,"Attribution-NonCommercial-NoDerivs 3.0 United States
http://creativecommons.org/licenses/by-nc-nd/3.0/us/
In Copyright
http://rightsstatements.org/page/InC/1.0/",image;Stillmage,English
loganarcade14,arcades03.jpg,Some of the many classic arcade machines that are ready to play at Logan arcade.,Arcade Machines,,image/JPG,"Barker, Thomas Mei, Wei Shao Elgin, Tobias Mayorga, Ariana Moy, Brian",11/21/2014,Yes,"single page, photograph",machines,"Chicago, IL",,,"Attribution-NonCommercial-NoDerivs 3.0 United States
http://creativecommons.org/licenses/by-nc-nd/3.0/us/
In Copyright
http://rightsstatements.org/page/InC/1.0/",image;Stillmage,English
loganArcade15,Pinball_Machines_10.JPG,A whole section of a room dedicated to numerous pinball machines from different franchises.,Logan Arcade pinball machines,,image/JPG,"Barker, Thomas Mei, Wei Shao Elgin, Tobias Mayorga, Ariana Moy, Brian",11/21/2014,Yes,"single page, photograph",Pinball Machines,"Chicago, IL",,,"Attribution-NonCommercial-NoDerivs 3.0 United States
http://creativecommons.org/licenses/by-nc-nd/3.0/us/
In Copyright
http://rightsstatements.org/page/InC/1.0/",image;Stillmage,English
loganarcade16,arcadesmachine04.jpg,Some of the many classic arcade machines that are ready to play at Logan arcade.,Arcade Machines,,image/JPG,"Barker, Thomas Mei, Wei Shao Elgin, Tobias Mayorga, Ariana Moy, Brian",11/21/2014,Yes,"single page, photograph",machines,"Chicago, IL",,,"Attribution-NonCommercial-NoDerivs 3.0 United States
http://creativecommons.org/licenses/by-nc-nd/3.0/us/
In Copyright
http://rightsstatements.org/page/InC/1.0/",image;Stillmage,English
loganarcade17,arcadesmachine05.jpg,Some of the many classic arcade machines that are ready to play at Logan arcade.,Arcade Machines,,image/JPG,"Barker, Thomas Mei, Wei Shao Elgin, Tobias Mayorga, Ariana Moy, Brian",11/21/2014,Yes,"single page, photograph",machines,"Chicago, IL",,,"Attribution-NonCommercial-NoDerivs 3.0 United States
http://creativecommons.org/licenses/by-nc-nd/3.0/us/
In Copyright
http://rightsstatements.org/page/InC/1.0/",image;Stillmage,English
loganArcade18,Jim_Zespy.JPG,Jim Zespy the owner of Logan arcade.,Jim Zespy,,image/JPG,"Barker, Thomas Mei, Wei Shao Elgin, Tobias Mayorga, Ariana Moy, Brian",11/21/2014,Yes,"single page, photograph",Jim Zespy,"Chicago, IL",,,"Attribution-NonCommercial-NoDerivs 3.0 United States
http://creativecommons.org/licenses/by-nc-nd/3.0/us/
In Copyright
http://rightsstatements.org/page/InC/1.0/",image;Stillmage,English
loganArcade19,Logan_Arcade_Interv.mp3,"An interview by Tom Barker, Tom interviews Jim Zespy, the owner of Logan arcade. Various topics are touched upon about Jim and how he started his business, what kind of impact he wants to leave for players who come to his arcade, and his thoughts on the coin-op industry and how well he adjust his arcade to be fair for new players and old ones.",Interview with Jim Zespy,,audio/MP3,"Barker, Thomas Mei, Wei Shao Elgin, Tobias Mayorga, Ariana Moy, Brian",11/21/2014,Yes,Interview,Jim Zespy,"Chicago, IL",,,"Attribution-NonCommercial-NoDerivs 3.0 United States
http://creativecommons.org/licenses/by-nc-nd/3.0/us/
In Copyright
http://rightsstatements.org/page/InC/1.0/",audio; Interview,English
LuckyStrike01,Arcade_Area_01.JPG,Here is the arcade area where they have redemption arcade machines that give tickets depending on the score you get on the game.,Arcade Machines,,image/JPG,"Nguyen,Ricky Chionglo, Jeremy Otgnontulga, khashkhuu Brekke, Eric Castellanos, Christopher",11/03/2016-12/09/2016,No,"single page, photograph",Machines,"Chicago, IL",,,"Attribution-NonCommercial-NoDerivs 3.0 United States
http://creativecommons.org/licenses/by-nc-nd/3.0/us/
In Copyright
http://rightsstatements.org/page/InC/1.0/",image;Stillmage,English
LuckyStrike02,Arcade_Area_02.JPG,Here is the arcade area where they have redemption arcade machines that give tickets depending on the score you get on the game.,Arcade Machines,,image/JPG,"Nguyen,Ricky Chionglo, Jeremy Otgnontulga, khashkhuu Brekke, Eric Castellanos, Christopher",11/03/2016-12/09/2017,No,"single page, photograph",Machines,"Chicago, IL",,,"Attribution-NonCommercial-NoDerivs 3.0 United States
http://creativecommons.org/licenses/by-nc-nd/3.0/us/
In Copyright
http://rightsstatements.org/page/InC/1.0/",image;Stillmage,English
LuckyStrike03,Arcade_Area_03.JPG,Here is the arcade area where they have redemption arcade machines that give tickets depending on the score you get on the game.,Arcade Machines,,image/JPG,"Nguyen,Ricky Chionglo, Jeremy Otgnontulga, khashkhuu Brekke, Eric Castellanos, Christopher",11/03/2016-12/09/2018,No,"single page, photograph",Machines,"Chicago, IL",,,"Attribution-NonCommercial-NoDerivs 3.0 United States
http://creativecommons.org/licenses/by-nc-nd/3.0/us/
In Copyright
http://rightsstatements.org/page/InC/1.0/",image;Stillmage,English
LuckyStrike04,Arcade_Area_04.JPG,Here is the arcade area where they have redemption arcade machines that give tickets depending on the score you get on the game.,Arcade Machines,,image/JPG,"Nguyen,Ricky Chionglo, Jeremy Otgnontulga, khashkhuu Brekke, Eric Castellanos, Christopher",11/03/2016-12/09/2019,No,"single page, photograph",Machines,"Chicago, IL",,,"Attribution-NonCommercial-NoDerivs 3.0 United States
http://creativecommons.org/licenses/by-nc-nd/3.0/us/
In Copyright
http://rightsstatements.org/page/InC/1.0/",image;Stillmage,English
LuckyStrike05,Arcade_Area_05.JPG,Here is the arcade area where they have redemption arcade machines that give tickets depending on the score you get on the game.,Arcade Machines,,image/JPG,"Nguyen,Ricky Chionglo, Jeremy Otgnontulga, khashkhuu Brekke, Eric Castellanos, Christopher",11/03/2016-12/09/2019,No,"single page, photograph",Machines,"Chicago, IL",,,"Attribution-NonCommercial-NoDerivs 3.0 United States
http://creativecommons.org/licenses/by-nc-nd/3.0/us/
In Copyright
http://rightsstatements.org/page/InC/1.0/",image;Stillmage,English
LuckyStrike06,Bar.JPG,A large bar within Lucky Strike arcade.,Lucky Strike Bar,,image/JPG,"Nguyen,Ricky Chionglo, Jeremy Otgnontulga, khashkhuu Brekke, Eric Castellanos, Christopher",11/03/2016-12/09/2020,No,"single page, photograph",Building,"Chicago, IL",,,"Attribution-NonCommercial-NoDerivs 3.0 United States
http://creativecommons.org/licenses/by-nc-nd/3.0/us/
In Copyright
http://rightsstatements.org/page/InC/1.0/",image;Stillmage,English
LuckyStrike07,Bowling_Alley.JPG,The bowling ally that can hold about 10 lanes.,lucky Strike Bowling Alley,,image/JPG,"Nguyen,Ricky Chionglo, Jeremy Otgnontulga, khashkhuu Brekke, Eric Castellanos, Christopher",11/03/2016-12/09/2021,No,"single page, photograph",Activities,"Chicago, IL",,,"Attribution-NonCommercial-NoDerivs 3.0 United States
http://creativecommons.org/licenses/by-nc-nd/3.0/us/
In Copyright
http://rightsstatements.org/page/InC/1.0/",image;Stillmage,English
LuckyStrike08,Front_Sign.JPG,The front sign of the Lucky Strike arcade.,Front sign ,,image/JPG,"Nguyen,Ricky Chionglo, Jeremy Otgnontulga, khashkhuu Brekke, Eric Castellanos, Christopher",11/03/2016-12/09/2022,No,"single page, photograph",Building,"Chicago, IL",41.90319,-87.62038,"Attribution-NonCommercial-NoDerivs 3.0 United States
http://creativecommons.org/licenses/by-nc-nd/3.0/us/
In Copyright
http://rightsstatements.org/page/InC/1.0/",image;Stillmage,English
LuckyStrike09,Interview_with_Sean_Davis.JPG,A photo taken that shows the interview done with Sean Davis,Sean Davis Interview,,image/JPG,"Nguyen,Ricky Chionglo, Jeremy Otgnontulga, khashkhuu Brekke, Eric Castellanos, Christopher",11/03/2016-12/09/2023,No,"single page, photograph",Sean Davis,"Chicago, IL",,,"Attribution-NonCommercial-NoDerivs 3.0 United States
http://creativecommons.org/licenses/by-nc-nd/3.0/us/
In Copyright
http://rightsstatements.org/page/InC/1.0/",image;Stillmage,English
LuckyStrike10,Mini_Golf_01.JPG,A mini golf area within the arcade that depicts parts of Chicago. ,Mini Golf,,image/JPG,"Nguyen,Ricky Chionglo, Jeremy Otgnontulga, khashkhuu Brekke, Eric Castellanos, Christopher",11/03/2016-12/09/2024,No,"single page, photograph",Activities,"Chicago, IL",,,"Attribution-NonCommercial-NoDerivs 3.0 United States
http://creativecommons.org/licenses/by-nc-nd/3.0/us/
In Copyright
http://rightsstatements.org/page/InC/1.0/",image;Stillmage,English
LuckyStrike11,Mini_Golf_02.JPG,A mini golf area within the arcade that depicts parts of Chicago. ,Mini Golf,,image/JPG,"Nguyen,Ricky Chionglo, Jeremy Otgnontulga, khashkhuu Brekke, Eric Castellanos, Christopher",11/03/2016-12/09/2025,No,"single page, photograph",Activities,"Chicago, IL",,,"Attribution-NonCommercial-NoDerivs 3.0 United States
http://creativecommons.org/licenses/by-nc-nd/3.0/us/
In Copyright
http://rightsstatements.org/page/InC/1.0/",image;Stillmage,English
LuckyStrike12,Mini_Golf_03.JPG,A mini golf area within the arcade that depicts parts of Chicago. ,Mini Golf,,image/JPG,"Nguyen,Ricky Chionglo, Jeremy Otgnontulga, khashkhuu Brekke, Eric Castellanos, Christopher",11/03/2016-12/09/2026,No,"single page, photograph",Activities,"Chicago, IL",,,"Attribution-NonCommercial-NoDerivs 3.0 United States
http://creativecommons.org/licenses/by-nc-nd/3.0/us/
In Copyright
http://rightsstatements.org/page/InC/1.0/",image;Stillmage,English
LuckyStrike13,Mini_Golf_04.JPG,A mini golf area within the arcade that depicts parts of Chicago. ,Mini Golf,,image/JPG,"Nguyen,Ricky Chionglo, Jeremy Otgnontulga, khashkhuu Brekke, Eric Castellanos, Christopher",11/03/2016-12/09/2027,No,"single page, photograph",Activities,"Chicago, IL",,,"Attribution-NonCommercial-NoDerivs 3.0 United States
http://creativecommons.org/licenses/by-nc-nd/3.0/us/
In Copyright
http://rightsstatements.org/page/InC/1.0/",image;Stillmage,English
LuckyStrike14,Mini_Golf_05.JPG,A mini golf area within the arcade that depicts parts of Chicago. ,Mini Golf,,image/JPG,"Nguyen,Ricky Chionglo, Jeremy Otgnontulga, khashkhuu Brekke, Eric Castellanos, Christopher",11/03/2016-12/09/2028,No,"single page, photograph",Activities,"Chicago, IL",,,"Attribution-NonCommercial-NoDerivs 3.0 United States
http://creativecommons.org/licenses/by-nc-nd/3.0/us/
In Copyright
http://rightsstatements.org/page/InC/1.0/",image;Stillmage,English
LuckyStrike15,Mini_Golf_06.JPG,A mini golf area within the arcade that depicts parts of Chicago. ,Mini Golf,,image/JPG,"Nguyen,Ricky Chionglo, Jeremy Otgnontulga, khashkhuu Brekke, Eric Castellanos, Christopher",11/03/2016-12/09/2029,No,"single page, photograph",Activities,"Chicago, IL",,,"Attribution-NonCommercial-NoDerivs 3.0 United States
http://creativecommons.org/licenses/by-nc-nd/3.0/us/
In Copyright
http://rightsstatements.org/page/InC/1.0/",image;Stillmage,English
LuckyStrike16,Pool_Room.JPG,A pool table section in front of the bar that houses about 10 tables.,Pool Tables,,image/JPG,"Nguyen,Ricky Chionglo, Jeremy Otgnontulga, khashkhuu Brekke, Eric Castellanos, Christopher",11/03/2016-12/09/2030,No,"single page, photograph",Activities,"Chicago, IL",,,"Attribution-NonCommercial-NoDerivs 3.0 United States
http://creativecommons.org/licenses/by-nc-nd/3.0/us/
In Copyright
http://rightsstatements.org/page/InC/1.0/",image;Stillmage,English
LuckyStrike17,Prize_Shop.JPG,This section of the arcade area is a prize shop where you can exchange tickets that you earned for prizes.,Prize Shop,,image/JPG,"Nguyen,Ricky Chionglo, Jeremy Otgnontulga, khashkhuu Brekke, Eric Castellanos, Christopher",11/03/2016-12/09/2031,No,"single page, photograph",Building,"Chicago, IL",,,"Attribution-NonCommercial-NoDerivs 3.0 United States
http://creativecommons.org/licenses/by-nc-nd/3.0/us/
In Copyright
http://rightsstatements.org/page/InC/1.0/",image;Stillmage,English
LuckyStrike18,Sean_Davis_Portrait.JPG,Photo of Sean Davis in front of the Lucky Strike arcade sign.,Sean Davis ,,image/JPG,"Nguyen,Ricky Chionglo, Jeremy Otgnontulga, khashkhuu Brekke, Eric Castellanos, Christopher",11/03/2016-12/09/2032,No,"single page, photograph",Sean Davis,"Chicago, IL",,,"Attribution-NonCommercial-NoDerivs 3.0 United States
http://creativecommons.org/licenses/by-nc-nd/3.0/us/
In Copyright
http://rightsstatements.org/page/InC/1.0/",image;Stillmage,English
LuckyStrike19,Lucky_Strike_FTW_Interv.mp3,An interview by Ricky Nguyen and Jeremy Chionglo who talk with Sean Davis the director of operations at Lucky Strike. Sean mentions how he has a long history of entertainment business and he wanted to incorporate it more into Lucky Strike. Hence why there are a wide range of different areas of entertainment within Lucky Strike. From arcades that make adults feel like kids again to mini golf themed as historical parts of Chicago. His goal is to make a place where its for the family and not just for the kids or just for the parents. ,Interview with Sean Davis,,audio/MP3,"Nguyen,Ricky Chionglo, Jeremy Otgnontulga, khashkhuu Brekke, Eric Castellanos, Christopher",11/03/2016-12/09/2033,No,Interview,Sean Davis,"Chicago, IL",,,"Attribution-NonCommercial-NoDerivs 3.0 United States
http://creativecommons.org/licenses/by-nc-nd/3.0/us/
In Copyright
http://rightsstatements.org/page/InC/1.0/",audio; Interview,English
MidWest01,Broken_Pinball_Machine_01.JPG,Pictures of old broken down pinball machines.,Broken Pinball Machine,,image/JPG,"Rubio, Douglas Atkins, James Sipprell, Shawn Viramontes, Daniel, DeAnda, Michael",09/11/2016-09/12/2016,No,"single page, photograph",Pinball Machines,"Oak Park,IL",,,"Attribution-NonCommercial-ShareAlike 3.0 United States
http://creativecommons.org/licenses/by-nc-sa/3.0/us/
In Copyright
http://rightsstatements.org/page/InC/1.0/",image;Stillmage,English
MidWest02,Broken_Pinball_Machine_02.JPG,Pictures of old broken down pinball machines.,Broken Pinball Machine,,image/JPG,"Rubio, Douglas Atkins, James Sipprell, Shawn Viramontes, Daniel, DeAnda, Michael",09/11/2016-09/12/2016,No,"single page, photograph",Pinball Machines,"Oak Park,IL",,,"Attribution-NonCommercial-ShareAlike 3.0 United States
http://creativecommons.org/licenses/by-nc-sa/3.0/us/
In Copyright
http://rightsstatements.org/page/InC/1.0/",image;Stillmage,English
MidWest03,Broken_Pinball_Machine_03.JPG,Pictures of old broken down pinball machines.,Broken Pinball Machine,,image/JPG,"Rubio, Douglas Atkins, James Sipprell, Shawn Viramontes, Daniel, DeAnda, Michael",09/11/2016-09/12/2016,No,"single page, photograph",Pinball Machines,"Oak Park,IL",,,"Attribution-NonCommercial-ShareAlike 3.0 United States
http://creativecommons.org/licenses/by-nc-sa/3.0/us/
In Copyright
http://rightsstatements.org/page/InC/1.0/",image;Stillmage,English
MidWest04,Classic_Pinall_Machine_01.JPG,Pictures of classic pinball machines.,Retro Pinball Machine,,image/JPG,"Rubio, Douglas Atkins, James Sipprell, Shawn Viramontes, Daniel, DeAnda, Michael",09/11/2016-09/12/2016,No,"single page, photograph",Pinball Machines,"Oak Park,IL",,,"Attribution-NonCommercial-ShareAlike 3.0 United States
http://creativecommons.org/licenses/by-nc-sa/3.0/us/
In Copyright
http://rightsstatements.org/page/InC/1.0/",image;Stillmage,English
MidWest05,Classic_Pinall_Machine_02.JPG,Pictures of classic pinball machines.,Retro Pinball Machine,,image/JPG,"Rubio, Douglas Atkins, James Sipprell, Shawn Viramontes, Daniel, DeAnda, Michael",09/11/2016-09/12/2016,No,"single page, photograph",Pinball Machines,"Oak Park,IL",,,"Attribution-NonCommercial-ShareAlike 3.0 United States
http://creativecommons.org/licenses/by-nc-sa/3.0/us/
In Copyright
http://rightsstatements.org/page/InC/1.0/",image;Stillmage,English
MidWest06,Classic_Pinall_Machine_03.JPG,Pictures of classic pinball machines.,Retro Pinball Machine,,image/JPG,"Rubio, Douglas Atkins, James Sipprell, Shawn Viramontes, Daniel, DeAnda, Michael",09/11/2016-09/12/2016,No,"single page, photograph",Pinball Machines,"Oak Park,IL",,,"Attribution-NonCommercial-ShareAlike 3.0 United States
http://creativecommons.org/licenses/by-nc-sa/3.0/us/
In Copyright
http://rightsstatements.org/page/InC/1.0/",image;Stillmage,English
MidWest07,Classic_Pinall_Machine_04.JPG,Pictures of classic pinball machines.,Retro Pinball Machine,,image/JPG,"Rubio, Douglas Atkins, James Sipprell, Shawn Viramontes, Daniel, DeAnda, Michael",09/11/2016-09/12/2016,No,"single page, photograph",Pinball Machines,"Oak Park,IL",,,"Attribution-NonCommercial-ShareAlike 3.0 United States
http://creativecommons.org/licenses/by-nc-sa/3.0/us/
In Copyright
http://rightsstatements.org/page/InC/1.0/",image;Stillmage,English
MidWest08,Classic_Pinall_Machine_05.JPG,Pictures of classic pinball machines.,Retro Pinball Machine,,image/JPG,"Rubio, Douglas Atkins, James Sipprell, Shawn Viramontes, Daniel, DeAnda, Michael",09/11/2016-09/12/2016,No,"single page, photograph",Pinball Machines,"Oak Park,IL",,,"Attribution-NonCommercial-ShareAlike 3.0 United States
http://creativecommons.org/licenses/by-nc-sa/3.0/us/
In Copyright
http://rightsstatements.org/page/InC/1.0/",image;Stillmage,English
MidWest09,Classic_Pinall_Machine_06.JPG,Pictures of classic pinball machines.,Retro Pinball Machine,,image/JPG,"Rubio, Douglas Atkins, James Sipprell, Shawn Viramontes, Daniel, DeAnda, Michael",09/11/2016-09/12/2016,No,"single page, photograph",Pinball Machines,"Oak Park,IL",,,"Attribution-NonCommercial-ShareAlike 3.0 United States
http://creativecommons.org/licenses/by-nc-sa/3.0/us/
In Copyright
http://rightsstatements.org/page/InC/1.0/",image;Stillmage,English
MidWest10,Rpair_Shop_01.JPG,Some pictures of the shop that is used to repair pinball machines.,Midwest Repair Shop,,image/JPG,"Rubio, Douglas Atkins, James Sipprell, Shawn Viramontes, Daniel, DeAnda, Michael",09/11/2016-09/12/2016,No,"single page, photograph",Building,"Oak Park,IL",41.87612,-87.79138,"Attribution-NonCommercial-ShareAlike 3.0 United States
http://creativecommons.org/licenses/by-nc-sa/3.0/us/
In Copyright
http://rightsstatements.org/page/InC/1.0/",image;Stillmage,English
MidWest11,Rpair_Shop_02.JPG,Some pictures of the shop that is used to repair pinball machines.,Midwest Repair Shop,,image/JPG,"Rubio, Douglas Atkins, James Sipprell, Shawn Viramontes, Daniel, DeAnda, Michael",09/11/2016-09/12/2016,No,"single page, photograph",Building,"Oak Park,IL",,,"Attribution-NonCommercial-ShareAlike 3.0 United States
http://creativecommons.org/licenses/by-nc-sa/3.0/us/
In Copyright
http://rightsstatements.org/page/InC/1.0/",image;Stillmage,English
MidWest12,Rich_Huff.JPG,A photo of Rich Huff in the repair shop.,Rich Huff,,image/JPG,"Rubio, Douglas Atkins, James Sipprell, Shawn Viramontes, Daniel, DeAnda, Michael",09/11/2016-09/12/2016,No,"single page, photograph",Rich Huff,"Oak Park,IL",,,"Attribution-NonCommercial-ShareAlike 3.0 United States
http://creativecommons.org/licenses/by-nc-sa/3.0/us/
In Copyright
http://rightsstatements.org/page/InC/1.0/",image;Stillmage,English
MidWest13,Midwest_Pinball_Interv.mp3,"An interview by Douglas Rubio and James Atkins who talk to Rich Huff, who owns Midwest Pinball. Midwest Pinball does not work commercially and is more structured to help residential customers who need repairs on their pinball machines. Rich's experience of being a repairman helps bring life back into these old beaten down machines, so their history would not be forgotten. ",Interview with Rich Huff,,audio/MP3,"Rubio, Douglas Atkins, James Sipprell, Shawn Viramontes, Daniel, DeAnda, Michael",09/11/2016-09/12/2016,No,Interview,Rich Huff,"Oak Park,IL",,,"Attribution-NonCommercial-ShareAlike 3.0 United States
http://creativecommons.org/licenses/by-nc-sa/3.0/us/
In Copyright
http://rightsstatements.org/page/InC/1.0/",audio; Interview,English
